id,CO_CHAVE_ACESSO,DT_STATUS,SITUACAO_NF_CO_SITUACAO,TP_ORIGEM_ATUALIZACAO,CO_CHAVE_ACESSO_CANCELAMENTO
0,KLGMI0VF8PG2VFTWMNS3KAFS8BP7CJ8Z7S0U0UE2MOUFD7FTKAXWDGZDH1WQP,1994-11-03,EXK391GQ,3,15N5Q0SP53O75CQQ6RULWBS4NKRIOOVW8UX9T4UE89CB4FKIVGRW3HSV36R7U
1,MO2ANP5X2MB75GH9NW1YTBQLVBYVDN79S47RCTRC5GUDV85HTC041QCHF5THQ,1999-10-02,YXBDZV,1,JIBGLJ46CMQAKKJ9WO85NVOO0EGFAB92ZX410H71LEQEW4OFHG15UDC1RMUBG
2,LVXAMOCS0YPX9MD9HTVNMX3HIPUIM2LGZE1D1PZNLTSOLVDOFO8YP5UF4K7XT,2000-02-15,15S,1,P1RKYU8YANTAN7QCKSTP9WX010TFOEBZZT5ZRNAQ43KW14K1NXX69YMT53YDG
3,4X1HAK3K0K2CE0J0YD7UZ1N8XYGEWZX3ALGLVCDV3FMCSDMXZYL62OHXMWJLI,2013-01-31,GIHR6J,1,TW5PCBAZ8Y5QTN4YNOA3DJXBW5PN90TWQKMYYXYWPGWUKTU8MWOTC5OGN3P23
4,ALMFQFI9C02J5ZDOKO21FL8THEZ4YL34JIR49LSU2K1WXZPKX8HQCG14Q1EE3,1994-09-28,2HGYUZMYQ7,1,YG9PVOG3JZ2KXNVB0OCC04VZIWB3FPY34F5YOWFX42JV8OA0ZNSSSZWAAVYWD
5,7QNPZSPTA40GKRVHOUEYJ8VA1OLTE1FKY7B0VUN9PY4FHM2CTJYJ23223K3FY,1999-07-21,IBZ51IRBND,3,K96A4SJC11U5T4EERSIAL5AG79W0J879UKPI27AV4ZVSUCORH308Z46G2HFIL
6,PZJDG2B3INYNRUNU2KTK7AIJJIWJ7CJGW0TH0AGYHWVUXE5Q6BN6SU6OL2UQ7,2013-10-28,Y14DG,2,ZFT04OIBQ0UCS9E2J62TTBOACPZ6ALZL05F5PPJ21DQLSCJAOPSMTNAR9EXHG
7,03BZ9CD4E7R7YAIH2K9DNUGC7NCG6KNJ7JLG94A9H0LE3MAHDRHR15QTWRP8T,2000-04-02,AUZCWS5WK,1,NCJM0MZ3ZIQH9RLHGF9MGHN28Y8WKI765J5RSUZ8ZG5EOXED2DZWIEJFQX8LJ
8,O0I5OHV9NBV55F3JVO5FZY5NWP7SQQPQ59BPA4ZBZ4EBYVDVPI6OWM3Q6KVH4,2011-06-29,WKOKS,2,47OY6FX3L8HET7DVG2TSIV5T3FNIEFXDJV96KKHKT8XWN1FB9N4FP9Z56I000
9,9K9UJ32NSP1J17RA2BP3CYX0R4BB9XJP9J5UGAVVUREWCUL16WBUTV6L71TOQ,1994-03-02,9U,2,8X2CA3LMPGQMO40SLF1Z9QXFK02BL5MSB1XCL8VGXP4QWENXVCZYXGUHI64F1
10,UFM7EUH2XW3493MDZOSM7WW07OSAD0BB4V0KW8CABEIIPW2HNLR02IJBOCP1P,2004-10-02,G,1,P09R7H455AVNQQ3HIXK4459IWOBJ1P1CZWWDXOLVJW6ACK1ZH5D8ELRLTY2R6
11,5A2KNH44Z5464632L1W8QM4C1ELOHGIN21XD3XBNN8YFDMK2O7QRGOZ6Y0UL6,2009-02-12,C,1,QYYTU78JE1Z7LLQLY67ZJ6ZD8X7APQFK0AT4RQXUID9TZW70ZAHQZ2WE2D93O
12,5OE0M5D3P7REOI9EMC8MNKOQQ30QMR96HECK4L3K7Z2SLN6Z2HDVB6DFSPDJC,2019-03-15,R11DONE,1,FT9R5JJ52AFXHU1OR3V1J7EV0UFAZRT3RACM80JWEZDXUFL9Z2I98G6ZKFD23
13,JIJM25GIOIIZZOMCR60RK0XKPA94D42LBCGHHM60FL9S3GHEJA43OVT15LBTU,1996-07-25,W6QTWP9,3,7EQ8SWMEWU2MXM7OV5N68ACZGMKJ4MZ9JHS5OPW5QI093UIO7ILAR0EVMDN21
14,6TBV4Y7BNZ7ZET20V8GEZYKQOILI55VCD9KG16UJYVA2GANTT7HVU8WNJ9KTB,1996-07-18,E9O0AS,3,7WL2MDMCXD1026557GIND5GUQR3LGNOD4XMG1CJAMJRH45QRYUYU6MV517NK7
15,EY5QLEHV489WI1TTSA77UMCXL7MA0DPQ1VHLFCQ0KYVSQKTD6LB8ZHSTJN5C1,1992-05-13,AXU,2,VENDLXHJRFGADUDIU7PM8Z7CTYFW7NQ9IOR4DM90IYCAJMVGQ12LMK9C1T1I0
16,61JMURSYVDA82VZA0ULGY6OTGIZ6RX7ZV11Y630UYESJHRA4VXM5WI61F95ZZ,2010-11-06,0CW,1,XYOD59Y2IUHSTCGJF9015OWZ0EOENXRBFHC9F1Q7SBSFWZRJ0P323K0UAS7M7
17,4NRD5MQTG2SDICMAHMPFU39X89UCII77W4A3SIPKIVGTEX5PHM3Y3K4OE4LTB,1996-11-20,LXNWX5,1,QV4X1OPFERZTYKDZG7DRZJ8T1AQTTGIGAT9N4GOIW5DQRDKBFB4GI9XJSQ3Q4
18,JO5QTG0FRJZNZGKN0GHEKBYKAJAESRO862M856PKV3A2TC5GI5G24XN4J0VQW,2004-02-21,1Q,3,NDYAHOQA66YGASY70PRSG3Y2O6G1JN918WPPJL9FUU6K0Y4LBUG405YV9FQS2
19,E4J3RRQPBS4485DAHJCCBW94JRLXNC2DCYME059TSJF4F7AQNQJ1IBIEVM7MM,2015-02-09,PK6Y5BHPDV,3,S01J940W70VR9BT1WWEYOV12EQZCBYVQYZD0AGIN75EYDD5B7A4THXSISSMMJ
20,I3LHI384PIPUVSBMSOL2WCZIABHOYIZAYHONQD4IEEHTV8JQK96OZJ3BQ9J16,1996-10-28,MCPNTS0AA4,1,5VSFMSSWV5TNIQOFNI5OK9WSFB4HMT4QGUCBMFXB0SASPZN1I020NA6TFOT8N
21,QCD4W1MB3R0RW6GTF4S00F43NEFMBUZYMTRB8G3RCDYT88KM73LB40M6EB23I,2010-08-30,DZY5,3,GXTQOLJBKYEPHFG4WG2MOU85DCER5LXXRUPN9NVQFBVYKMFTGVA7M2AY6NTJB
22,583LGNHUK2XUNED43ECLUERWVDZCFA32HV07COIYB9CB4POJUSARVVAL6G2TQ,2017-07-25,JP9IQA8O,1,NFLGU5AAMFWQY1WOJCXPPMH565NNJFXOIDEUVDPPVEH100C90VJZRZ88C6ZQC
23,JQRBC8Z2FX1BWTRQAMII22UZ5U8HFTWXXFHYUCC2PV5MIB8CQDTTBBBN5C8HD,2001-10-12,ER1XJ9J1,3,ENPQ6OXAY2U2HE2NI3K4L6JC4R1PMONRZC81FHH2ZXTWRXWREXCMILI8D5NPL
24,BMB5TXTB8PH5C3K6FMDHZDU4B5RLHV11YN8EF2NPN7V1UUYB8ZTK0EEHEIM9W,2001-01-05,LGHCLYR,3,Z5CA5EBDHD1GH1K6RWS2GAYF4KS1OEQ9WUCC9TMNH1GPIVZD68MYQ8RVUTKQH
25,VI9ZH0ITYZJ25LSAIZLE7F0M2MHZM0RVY1S41809IEEJQAC78S2AAEZSSXB3F,1990-08-26,GM50JHX,1,F2RQ2HBL72F3OBHYJQB89U2UB80EPYIN96VG408GBNV90L2ABU13N0QWHINO5
26,BN8R6V8IV4GIF1AKERS5HV7L9Z5CDWD9I6C1361XZP0A453X8T0G7QEJ1N85P,2009-06-27,H,2,Y32ZEXLTHGB4JIQUTEA1H3JNJK4WOEHDUN9LBJ948QSCLR79QVE6XP0BLGOY4
27,VATIVH3MS77HSPQZPPTX46CJWVX22LESHA202QWQLRK1G8Z0ULTI3KW4VVEW9,1998-12-29,3N,2,DES5DES8Z5JM44XXDNYVLOVHWZUQXN1WXUJ9GEQQA3R8XYNTGQW5VNE0H24N5
28,0QXSX1PRMD7FE5G63JA1CXEU93M4F12S7SWXOUDA7DVC5Y7RXLWYCI7BX84HK,2007-12-15,Y1KBT2R0,2,2S90ZPX2FSNWBB13D9UK8MBTM0W05FBH7T6AJ047X1XWLD9R382MUYWRHJYV6
29,URUN4H3YYKBCYUX8XWPICHYP4KPSPLD7W8UMNPGY46G61OUMAC2LNXIJLPG3S,2005-05-30,GEKQUEN7O0,1,3X99PGRKNHPMY1RR62512KIKVIP6ZE4Z2DCRW98E5Z1755ZLNESGWCR2E12C1
30,4L67TT21514LRDB6O9SBQBCHTDT4BM6YEEOHIF54TDF9WCHQF3BUEYDE32JQI,2015-05-01,IU3,1,4CPAL31OFD0A41EZZLV7EIIXDYM0Y01E6PCTB8OLPA7JFX231TSRK2GG6TX9C
31,NMEI4V03BTXO65CGIIXC1FLFHLMR5DF2IOIGE539OQGBC5DG0S1TU56DGPVVU,2016-08-03,IIOUXATX9,2,D3JRRB0N51FARACRJMB8NRKRCHOM20PXDKFF8D0MACJ0QANFVC99VLGMY9KRU
32,59V5VOSN71IRY59B2IOTU1Q4KRKRKUE55PNPGH41C0P3DGLM7WJLNRYDB2Z3N,1996-10-24,UTRCL5,3,PRZKXJMOI899G7VTXOBD33MMWPI1325UUYBBKI9E8J8IBVROZ9O4VNO04NHKH
33,O0U5FDNARTM2GM7UREF4I3N7OND95PGEUEFWUMBH818V2TBKVHLILA064KZPG,2007-09-02,EJKR3,2,FYWMU7BI4I9D1TGXU9HOMCWVV841TCOFJEYOH89DBZCTAAQD2D53PEW8DHGFN
34,DTN3W25ZSICYJRTN72IB5LQ75QX6115SGET5UF5DHM96TRJ5FNZJASL5XSLOZ,2004-05-06,MKCYJEJ4ON,2,HXJ7UTYZLIXZQQHP4XS9ZE906DX5B2Z8FJUNCAC8UJUH2UD7ZMDNBBY6IK36C
35,EAUKTST3ALJQFC6HGD550QWRXMZ09KNVEH2UIO0NHCHEDUWPK064KBNX2HVHX,2002-10-22,BA,1,V4PXLGU5MZ5ORXHAJMM58LH0X0OL5F9UTCHOR46K29ZMWRRBS1QNF1FQQIQR1
36,HTQBJNLR9U8SGYV7NUZCCUXH5OIL7HV7FHBIQ2YUPLSY3GDKCO0FO0PN3VIGW,2011-01-20,A9BM13N,1,CCWQC7YO7USDJF9XGGXJ7GD5IVCVLEURUKK1ZOVI44FCJFQQTLWDRQB2ZZDCC
37,1GO99V3VE64BHWY5T9Z3G9857HKP7LMV9LBSFBMK9D91H3Z3A025BGOFZ3432,2018-05-26,TR2F,3,YCRA31AJZI1XR53X7TP909G86NJ3A764K7QQ0K3EXUYM29XT1EUOV1TVY6HR9
38,AAQBL7MM9C2KR4YEKA2FMIZ36NTVLRSU25EHNXR46CAFT9K79WCT6EX5FY34Q,2004-07-19,U8CYH1X0,2,TBKWHEQ3YA5XZ8FNG43AJEDM0174PJDRGJBQ3DTIA89YPR0SMMZOG2UKK6FN8
39,BVYAM2CUARKYTH0NUBHXF3CDMCIJBP22T6BPG45IT1F02HVMPXY7R1GH924FN,1992-04-29,1PSFGM,2,HWLFRIIVHY1XX3LQH64Z90M12JWHUQQ3SJVHFI746IZ1JLQS7IA946G3BP4HJ
40,UJRFTILTAO8JPLSFEQPIPO5V41RCF6VOGRWDTOXLDLF49TTLVIZ1754O0QN7L,2001-12-05,SZF1QT78,2,VCW7HHPR7GK3IUQ89N25OJEUT5V7PPG5STGWA707N774Q5Y5M6SUHC77XW1BI
41,EVXDPC6SNRVR6C1CLAQA2FT4KIY62P4PZDLG34ATGTNXPGN6CHKDUY9KRIOSY,2003-04-26,LCE,2,R7T920DR321HBW1UPLB17DQCNI9UEC9XRGOAE53A5Y66455D0ETBMOVIDGYHC
42,RLGG1B72P2V4SGRNGW3FHU10D5OKMCIX2RRZ8CQQEP66CS1LRXXRIKM3V4979,2009-05-05,FI59GJV,1,BMZFFCQQU5AEG0VKTKRMLH15ZZHJDI4QHT6JKDL6E1E376Z3J8AE2CXPC92WK
43,ZT66S57T5DNV6OJW2KBG1935OMLIW9ZBORVLXLBN59OWF3HKB1MJC36DR6MGV,2008-03-20,G7OL,1,1HVTSUQRQS45OYAMIH7OKSM3NG35F6UZVZGC55E8KEFUDXWZQSB52G07I590D
44,3X50B226TWLLQ5LQ96GW97XEFBUJKPCR7NHG8PZITJ031U9FKCRODWQ2NS57D,1999-08-06,GGSGT3CSFP,1,T4Q5VO73LDAGHUPV16FOKA3H6JTC2WIIP189KUJ9H93S5X0T02427I40LVZOX
45,3BB0CFYOQL1VUE5Q8PDU3M1L9VQ4M9U7TKJNTAZK55SXHX8SSCXTZ43SCLWL8,2011-09-02,XZV,2,80LJEZNLCW2UP99V63O7SYU90XJSFYIVLUOT2F975C58K3SE0MBV3H1OLXK3L
46,DJQA8RQTZWOI6U4CN0EJFGTF9CNFA3KISL0E7NXVFEW95QPQ0Y9VIACJP8L4B,2015-12-10,2RTCKRG,3,TCNJQIR1DOAX8AFN6L9EKEH7ZIJE7H5KFH0IIGV1MD6CUZDQR8EI45IBQ06W0
47,VI5WKT1RFQCQGSSAY6XOE8O1MTTCEVC2YPJ4QQACQLY0EOL9JL22K3ZSLZHPN,2017-09-21,SOYSIWD499,2,Q6824PWN8ICLZ8STBA2PH37310GHOYKW8I3JZDXY9A2JOC46TAAR0F8YRDVRB
48,L5X0RV051X6QU7JWKHJQL3FR6N218WYCRCSPHZBRRZT4G3OIC54AJ1VB0QDWV,1992-07-05,E,3,5K5FZ53WOU21RI5LF4LPXLNKOKKXD4IWCV4NLYB5BXZ4ZL0SR18ZAVPPFO0L5
49,LPQFFGAU2I09FZBHTBHUR44P8NPQSW9VCI79CZBSFOGF8HQY3CM0OOJJUGX11,2001-01-19,GU4,1,MCHKRX609ETZHRG9VVH3X6ENWK9GPJ5HW919ZL5PHZBL6BWHN4U2NNQUALC66
50,U4YMO5Z6T89BDZUP8NY5ZX33NZP8B3LTQ4119X2CW398YLPF5DOOOTFZKU0XN,2015-08-08,1,2,V5MQC8EMBB8QKTG9RKDFM9I1KAZXD0QYOUJZMYUQN74C6FGLATSQNBMRL51VB
51,IBK4MX9RK6LM2FYL69AH6CZWR1Y51V5EFE5XMDKJZWM9HUUWXPN7SY1G881TV,2009-09-24,DLCBBI1,1,WQ8U4ECUXVWF4V7F27BED1411XLWELQNHJUN7J7P0VFF5IHXTGQM9JVRF2BLF
52,K0XEDJAES527PMZUPHEZHZ492C6K0JRLPZTR28UJDM75Y221WGES0UHMB9NUF,1999-12-18,PNRLFAT98,3,CG119WO8FOKSUYHWSZD3JZNI3LAQ61AC96S80AY2YVB42B7PA311JNWK1K6VV
53,0MYVMJNH4KEEHBSL5U19W262ONGZ93W5YNCCS4ER8DOUASRCZ8HGLKMUY4K81,2002-10-13,4FNUTN1Z54,2,2O41NUNZVLXS115RCRW6S1M3VOIBFOP1VZIRER41YTI07NVOUH3BVBPRCGYDW
54,VV3FFAXOTXSJ3T6OH00Z9XI9UJGBA75HDXLZSGAZD93FKIPCSR1ER3NGQWJXJ,2019-06-03,81,1,LQK0VK1EFF2MQA9MGMLR0B14TKTNE4AIEBCXMNYW9161RQBM6O4MTV2PG8A4W
55,WHVDCK9C8EYDL6L910N70QNULWJO3TMZ1P55XNFI0X9AAWSPUQGONHOV3Q3YR,1990-03-18,E,1,LXVC5QLQ2H67IG3SSDGCDEOEPZWNTZRO2CIDSNNXJFG58DCLMOG3WY1BACRBX
56,LF5MUYS6LFRJI7JI5KMRFEQVI4AUK68XD87GUL3KHCOADN24XB0RXCBXFDLYT,1990-11-20,7SU,1,OQCGGWDVA0C1I69OOQOP3XGPYZAAIN6ZNBWBWP64J7PDBH9DV2PYYEO8TZKS4
57,8XUIX1IYVI6G5XVFZWTV6Z6P6JGSBQUM3VWD4HH1QF2ZEQS2E855QTWU49VRU,2005-01-21,K4,2,IBATNUO1SHUAWRA3P8IBTTWYLYEQTDSQ1NEH5ESK4PEJGTQ293X7TXP0XJ3IX
58,EWL8E7REPNRFOB0OG0ZAKRR6D1SZP2I3VFO58UXW0T3VCDDRBXIISIA6Y6MDP,2002-03-03,LF2R,2,36VQW955JTCZHGE28U6TL80RS2CUFHB21L5BH66XDLDZYJAZM104ZMN6Y7OIM
59,5YFI0OOPCI40ZVU2FY2IXDDQ9LDMVH9TKIUE46XGQNPZWTEYILTKMN6UIXNIS,2008-01-04,E0S,3,UREDPQGX0BF56030DWWKRPY4MYYDQ5MD2V2RKESILB8JA962ZFIJV18JFQGVO
60,6HKE43AFIE4WAR2EHDKSM4GSO37RNWPTMUVP5BOYO43P5AZ985T28KROKOJKA,1990-07-24,V0JHIE4,1,AV96RYVM6MI1TOA166R56PCG0M9EJXRN6HPFRJEUR4QQMU4QTKHIRN1ZMIUCN
61,FBRN61Y4IM8XPDGN385X6WSHPBYRQ9IDUKJ2N2Q2XA43PPXEJZ1F57KCIOUGM,2013-08-11,CU0X8CXKQD,3,TZF8RATGU85E3YHYETU0Y7VKEEV809EYZ9X1PQ88RZJEUCBVJIB2IBSGC2CMV
62,P9I1NPBNOKRH97WMP9PFW9338PUVOLXTIF4GWNJ8AYA9L9W55Z5M8O0BIHGF3,2020-07-23,96,3,IYCWFBIIE37HCWZGDP1LMVQG0F3ODNSD5J2T8SH9LG6DR0DARY5U43BS3NXQP
63,0LHCJ5KDK326K1PV08Q53D3OTA32IE74N5ATVRY92PCO4BKSQLAICWTTOE1MB,2009-01-07,VLETJ01MRE,3,YT144UYK16319X44UX6AMKTHIV18DIS9ARB0NM9FB8OJQVK8TRXVU694RQALK
64,0CJ0ITXYZN2Y8OVOEXWB0J1B8XXN1OYBL6RWB7I2BYQOJUYSI88JIM5JW633A,1991-07-15,GV9,2,PQHV9M8SJC3AGCSG4GBE9K3A30X9FS1Y8KVXV9I31UAVUNJY1VAKL3VJM8DR4
65,8DYXKJYTX9XIR2AZOVEE9225CYQNOGOZUFI47C8JZZETJ0LK9UP877B1TWW1C,1996-12-01,LVO,3,V0JNGAV61E5DLVL9AWFZWD7V71IG8VP4AUS9OJDOWQNCG77EYX5969DPSVIEU
66,YW17DQ978I2HJJX1O70Y8IYBSN1FWLJ9P3WADU21XPT2E7BR5MWV9WG2SZVNJ,2008-09-25,EAJT5AQP0Z,2,Z4N1Y61REO9TRD42AN490RP388NEOIRPIRFCW8QDENDHZPWXIIJD519NE9O3I
67,ZB9NZBA5HK25PETHELVLKLV4FLMOR9YAY79S9M344KQAYP7DXBYJSZ9X5PUKJ,1994-10-30,T4NZCBTLAD,2,6AZP1AQC3N03QDSQDPB5GKDXDVRRO4L3BWRGYGXJ7M351AJSA7VMUOLBSR7EA
68,OHNQH1VPXW3JLJNOI0QT9Q2CWUEJ1VH5I6XNF00YS8QFW3TOMMT1YXP4TSSSO,2011-04-12,O9U5NNV,2,YQ0RWIDK9HMLJVFKWDOD4N7K5AKQ4TU50Y9HUFCOH9J0MCHS62FIIV8PN8NNH
69,J7JY8FVKXMLQGIAMKOHWLZWQVM4L7GEODCAL5Z9VH82MC2IHZS3LF1ABDV2B4,2000-11-25,N4AAWKEBHJ,3,661WU77UZHNPW9IK3FDSUL2EEFL90MFFUIJP4ZEC1SUDM4ILM9NXC25JN0PM6
70,XMGJ5T1KS4HC2BQA7A9RZT4C9ZX98I1BC26W4MECOJ04RA35YTCRJR2ZIU9AD,1991-12-22,42VEH89,1,W4BAK9NVG1BL8MZ1ZEE5D6IQ146Y8PY7UBN5DVC1B8SABUCFHDROMODABLABL
71,0RGWYG8RMQZBNG2QTLICKSEFBXUDWWUUNL3J59MCHI09QV7T685ZJNOINFLRO,2014-01-16,IN9SA,2,8QIEWVTNW97AK3P2NE6MJ0E7I3NN7JA8UJ9R6FVKSCHMI99TH7TL1PO4IVONB
72,9UOSD7M9K9MTJ6ONHN0WS9TLE76FMUSM8Z1R5TGQU6RJQR8XC5WRQ75EZCFV0,2016-07-06,73R,1,8JME0YLCOXSX32FWGKII40H9H73A4FFQNT26P7HTEDMBCI3GY2Z46GYO99D6C
73,CY9O14TSPBBJ04K5M3UQH68OP3AKM7BCIN1FBZD9CR4LILVVSYAEHTSZ33R7W,1995-10-19,2A,1,OQPNPKL8EX553WPQGTQ0YL13EUK75V5FRK5BDQ42VYS2W0W16GGVRA1DWEBOV
74,IW1ZLQD6ZDWZOZC1JY5R8HXOC2G817YH4GBQOR80EPM7HBGVZLSIUZG1IRDJI,2006-11-06,I12N4J,2,ACMND1LFRUIGITQIO4U513B61ICX6ZE5DEG4DZV7UMV15WZQB6XW0HESU6FAZ
75,6FCTLR8AQTWX1U34GXHE32TP2W8LG8KU7BN5PG2CUHXYAS4WUDTN3S6YTIPME,2010-01-16,HKIVPFE86,3,KF48CITLVQ6HXFGVLRMJEJ1G4274HRL8V2VQKELNO1KDNYRZESPBQXEMRPWQ9
76,ULJV2BGO5073W0SL4YQ56YZAX289A7BDFHS5Q36L9T24FA02GVP1SXF2SPF5I,2003-08-23,16CZLSPO,1,BX5NEJVIKMFYX5OLOOTON769CKZIJKMX27V26A3A3KRCAOYKJOJPVXFZW8RQ4
77,0PPEAFZA73N9TTI36O50SYWV6EQN9LKYB3GK0LZIR0VJHFOB3TC8VNKLIZJBG,2019-12-17,8TX,2,4L0DQ8M6CD2SS70FX9FBX02KBCDUMHBASV3XM6OSA9UASCPU0TZ4HZQAAYREC
78,3O79Y3ODDQ34FE55CXVJ2XWG1X7RF641MLEY1XB0U8IENUX161B0RGRJ8527A,1999-04-19,719MUU,2,6EXV1BLJ6U5VWUD81FLVKGZJUC38JNTTF81AMONYGE0EBW1NFYZT80ZF5EITG
79,UKL49VICDDM9KQA6M6XUCO7DMF1X5WJNLRQP0PIYACYVPMV0F7MAM41FYAJV2,1995-07-07,8OE3J9F,2,WO2AK8VISD9M2ZJNCJJ72W2AHIQ1CQPG79DPI47FMFEV8GK26OPTDJYYX4AYE
80,2IE25FQSHR3CU8NF7E9OXWVOFN2EDMXN2GQHDKBC67DRW0FKFVTCKOLVYRFKH,2016-11-05,3E,1,1YB7D46WFBMCF175HNY1Z1KSLGZB958CF90JEDKOELX5VTO6SRDW8M78C2TVZ
81,2BZU5DWSN8NGF70YARBKGOM1OUGTL2IJ170LSU2OVL4A7TC3100R92QT8958V,2010-01-19,DOJQO0LBKS,1,8AV6MKKE08KS0UV6URAK2RWIJT48TTIZ257L3YX738TB6T9KZUTO0K6GZ4078
82,1S08XIDPCZJZSZEAYJYZ4WKKQLBETHJKYNVSGX277BQF4HW2UC2K0O9VAIJH3,2007-04-17,TV0RZN03R,2,97JHBXAKQUABW9UFLMXUIKUGRVRM8I8F2REWRFXO7S8JCMMI28ZIWSRB2ABW1
83,EAGQMBUM7VVF8ETJZWBI3JWY8RAF98OHU0DHQQM2O5S05I20KKFWS3G4N4SJ8,2001-01-14,0HRK0,2,ZXQCW015PFV6KT84H9ZXC3NJCMYW1GK9AHEAERCYLI3HQLIDN55D8IZLWIR2B
84,3C2KZPF3FN81OO4PY5JNV27RL52WAZ27LGR7855M5LCYXECTZ7KW1AN1SDPX6,2018-02-27,EPZ10A,1,5IWTO98UDT1CZXP36N0WW2LCZ7Z9LRCJDVTV9WIUG2IHVYZPE4WLLT0QMBVPL
85,O6VLCTFD4F78W65OH12S0QMB5TCOG0D65KWTNLNNRUBPCZV9JSNU3A7RGC6Z4,2003-03-25,NAZUI4JR3,2,TRA4FYML98N8SIO4L9WODSAJSJBSKV70MLS8B0GW30ASTISMBN2T17XNK6E5A
86,5JDZWLS27X1BLHXWZML5EGJ840KF0DXO4WS7KYRDQHCK60RDBMXRCCMZVWKSH,1998-10-07,EL1RPAC6F7,3,J8CC3FLKDPVAA38PALI60H3W9YGOFMPJAUULLIQ4P12P2W7SY8J8A879864OS
87,U1OJR8T6EBT9M6597DBHXRRA2FZQSIA75X4CG08WT75KRRCJ7D1QLZ52107D0,2019-05-07,RI8SMTCRD,2,8AC1083MAL1XVK11AIFU12BZE9MFQD0WXHAIIU0D792AZODSH0IETQMGOS1DT
88,N6O177QSJD39ZTD98TY3Y7GNAV1BJFQ3BKB3YYH4D06G39I51QVWJYO2HCN88,2003-03-13,M0,3,KEQYDEQIS3V2I75F9H5UZ0DL8JFDTWWRR91LM64LUQX5BS35TAWN5238GVDRQ
89,LZM2K6DY8XLKL0VB4GLZRKXENS0D0YGFAKOTQ3U7CHY4N0C9D5WFD873TVPIX,2010-01-25,5EWN,1,EBG84S6BJZ2JVEG0JKC2HJQ48E75NCKEUPA7JJBU5NSXXI0EGNJGWO51KME30
90,5BQZDFEX46PPOYA1SKLB8AF2BFYAR0JHT9KDNPX4OU9MIJPRVMSMMI6XU4H68,2006-10-13,F177NT,1,8DHK2PPJXOVXB0JQFHQCU97BWKS11MIML1NJ613AYW625F1AHEMYM7U6QAAV6
91,TQL75J1QRLR2PVEX99HU3O7NNVI0KXGB5ZVUKX3AX54AOWVRZUS0PCE713NTF,2013-05-15,ZX4ZK4D5P,2,BM13AJLD81MURR3DV3G8MOV7P1A30FYUILS0XGZUYKDXHAX6YVBG85OD6KKEH
92,SD9C6PORCBBJ09ED7Q6K52V38KYMYUP1BARB365NW423U19DI2MJJA113864B,2003-01-21,M,1,9WMGWPUDDCG2BC3MCZMTMMB8EET2JRKB490SNM6BOPZ97OVLABH5XN19IBVU9
93,T6OQH7Q5VX7YVPIV05QNESN9JZCOQ29ZO8ILOGCA4VMWRFLDLGXF29PC01NAZ,1992-03-27,28437AWK,3,UPCVQYXM4YKVB9PT9Q4IIA11X62PAFNE9KT8ZFCQ2KV9C3RVVA3XFYFKIGUS3
94,FPCRV40CISER05D8YREM3K0DVNUGC1HDUD0K4LON32BJ0ZUXAFNELO3GN6I5O,2012-09-02,26,3,0PPPPUD3GSDYB3BSMD5ISAGVCQ9TYHZYA67TK2U0JH7KEL5B17VOLIR6KE0EL
95,FSVXTJEN76R1JUD9475SUWJ46VAK9ZFWNPQMNW7LI3MPFO87N67OQUXGX33OO,2005-01-20,XV4VJIFLBO,3,HMGW5TDZ5RB4CLJQQOD0YFZI326RI5CJNILXXDKD7UXNGDJQZ21T8E70BTM1C
96,VACIYPGV1ALYXGX9JAGW4IV6YBTIE9YZNX8MY4KUDDML3PYM1Z9TGFAZZHQ7W,2020-06-06,TG7KR49,1,GPIQTNJQCO5F8EKMBNGDL5AAE06RKWV93W470ZNKEYVU4PZJ6IEOTVKE5LOZE
97,02J5WFOADKC2TDJWO80LLG0GUQF2H60MHXLY463ECTT5UUV83I7TKKK592QXI,2014-08-09,S2LKC5G,3,2C7XO2ROIH3VG56VDRO6RRGSQCTMLIBH4BRL3ONWF7TMED4VARYI4MR255637
98,MB0L8KJQ68B9J0C9RZASVJ478NG6CTECFMYCOLJG3YJ1WGIJS8NERIO7EFL4N,1991-01-25,5OQCPNAZYD,1,UWY5UNY6HF4ZAU73PRRY7C4QPW465P0PKC0XXM6VFIPV5QXHVOO84Q2222SKR
99,3ZULGHAC1WYIRI8XXGLSS2FCSQ2APJH05TG75PFXUYXFUPU3JJMEN5Q2ZISX4,1995-08-25,E71RC729U,3,W0E6IIKI2SLEXIUAUW7YM0NWY69J6DIJQW9NVHS83GUSUAHQ949QQSQK8LSPW
100,IKDSA17JB4UQGDNUPIE4LN1O5LIF6QTU6LL9JOY0XZWNVPXENA13SU2YWYZLA,2010-05-09,N9EI7P7,1,9F6H1A6T03ZADL2JH2D6Y6A5QJ2LM2T4B0Q8PT29ALFVPN3COAFFG4OH5BRL4
101,1A7NUZY6T9OVI8IBR4JYKFRHQV1Y59E0E6RJ2QEUEPGWSP7RQXRU7NX9K1BFU,1995-02-12,6DTYUU0YX,2,E0AZU9Z6WIW3MJNG6YR6DX9BCY5REQ3J0WEWVTF8G7WCA9BU5OYXC4UYS50IS
102,K8OEOVETNNC6A855S6P80CWE386Z071WMFTQEZVPAAPTEKEAC30S547DKTUND,2019-01-25,A9,2,9JNRYYZKW5WV00GEBXI45O9ZDQVSZV1TRQ6HCGO9QBEW9TGL2U8SL3L8SM3MS
103,VX8UN504MWGQRE70ZL7ZVU5AQOI03LHYFYAIJUTE83GNZZUUIRZ55JTHL9B4W,2014-05-30,MSS8BVX,3,NXJA2WXD2W6D6OXI01YL5WE5ORGAWI7F68TQXJGVPQ5U4KK9O44JYLUB861VU
104,SK7R2WSRXI0GNC26M39DUUPHCYOFO9JLHMR9YJC8XXDUPQX2BLXTOES7H7KNK,1998-11-12,UJ1WDAOKWX,2,FC8AKV5RQUJQ6TF4YK1OQXCMHSFY2TN15W71UFTL5COORRTD9S9VS783E1DWJ
105,SMJ1TZYI6JAKPRXWGUHYQMLCOCWA2JFD4X6BTKIJMZZSW39ZCABNHZ65K88XC,2003-03-17,66D3K,1,NDOG13BI00711R3XGDUJRWEYA7UQ68P85HD7HSX50B13QE183P9JYCNQL013N
106,HX0EH3GAPF2316O9H1DS5M0Y00V5F53S5JEL40PO3D8MAGCKJB536TKP7BCCP,2010-08-20,NGE5PMRNEV,3,55DOVVRNAS4N1Q8YJ3ITGMX69JBT8HRSTIWIIFFUWPXFOZ16BRTQP70MIBBZT
107,6IFV87UBKX4IFTEY9LJ9QZ9MCDPN2CYGQEHX8Z982FEIJ3GX2K2EW1Y17PK1T,2018-09-13,GWG0FQ1CK,2,FHX2TS39SPCWRBYTLW1I8H5QBXHUHW2AU2TK1JJKC8UM5KE581TP0KCFLXGOW
108,E2MUYF25EJE2MN7AT2LJ4D1GBEQV17BTMIWRLX15P6GEOFCDTVVGIZ8F65YEL,2017-08-25,Y0C4RB4FJ6,2,KMD21T1L3VJ4SUT96V3X7TMYGK6T0WOWXHQ39YRXS7WOR9B8JAAR1VW0R6IM4
109,MXYVBXDAFOBFQSGB2OXA72FVDQM6A77Z6JHERWGE6RWU4HODUF7GJRWFI9U4I,2018-10-13,FMNE2,2,WXAJDRZFPQLWYR6RTOS80OEYG5810ARJLLPH8YZ08H1NSGD5EXM2CV0D7XNAK
110,S840FYZV1J3GR6LZCDTNWLF6KJPDHREO1HTLSZ0J8I9QLWE99ZRP96VIXKWLJ,1990-03-28,N,3,99GMI7PZEN381FXNTIGPLW6S1YOOGNCE3WRGPDNAK96F055SDB8M929XE96HF
111,N7PAARRQ7KTFLQUXX6I3WA7DYOXP8MT4QOG0QQ7GU0V38219NE9D4QXTQXGPU,1998-07-10,JN,3,8ZW0ANSD8OSK4JWCAQAJ71S2EKUBPRFUQNBBH7N2NTB5QXFWY4LFFD82X328R
112,0QL6WF02EUBKF52JUW9AJVNY76YWXE2TKCW8RCM21SLERP4CULHGPP9SSGWE3,1990-07-20,IDSW4,1,F8HNQOIHXZ5DR0K4EY1DJZIRPO08M1VF1TCYBKG0CSIQVRAPM2BZVM5WT6C7C
113,MZO6AL1XERA2PVI47ILABX6EN1TZTRDJ6EZ50Y02CGKZDPLF8YIAGKHKLEYZE,2020-07-21,B,1,GOJUK9TVR8SE643PY48PIWEJS45FG9FHKLI8GJ3FX66YE5H1RJULISF2DEB5Y
114,2JNKQN7Q6K5YJGREAM7NWXB31CEP67O54FZDOP72N9GS4V6IXU6MS16YLTGKA,2016-08-03,E9X592TJUK,1,SJSYQGEXEXSJOTXORYKOXRJ7KJS3RBTT29KYYLX273SO56MN9H01PFA7XC9XX
115,SJM4VSKQBC4FKJNVUTCRN1WF4TOIVZWL3038PWE6PEXMCMW16PUWI1H9YBFUF,2000-11-13,8CQAW9VBX6,3,U6IDFDU5QGXSYMY2KRUV5KKZU4THZ0QVIMXQDT8NWP5O6197X24UN89U3CGOV
116,JWIH1568XANRV6OA5D2J1BLGCBB01G7GRO03WRXFD81M79VNCJ6J16D6K50X1,2003-07-30,BYDUVAZS,3,518G2H3ADUW611LPNKHVKCJ4N4FP6UD2G9ZL8X4B9F4175S4B9FF8E2QNBB7H
117,AJ4AKQGLC4WC600R22VIT5CM3CLESN4GSRROHIDPBB19LJYO256NMYGUGCD0F,1990-03-26,G9YVKXTI,3,NWCWKRM5HPM79CWELHW1DX0CVYARADW28W50ETGO1JFN170Q2W49WHCGHHM0B
118,LB5V8X0HPRTKW7LASJATWO56EO8SGKYO6CXIR10NAZ4IEG2U85MQE2O0CSXMT,1990-12-14,C,2,GZKTJTB3FXWWY0BFVKKA4AK078NUX1GP7AHQFHOCMRQ33VAP54K6STGCD71FL
119,UIPA1C8LXICG5L1JTAGLQKP7FEE3HGLME7W51ZT2FOP26PMC4A7AHPF97C4C3,2016-10-04,6URK4TMU,1,80H4AXKZAK7N3IQ8Q3PSRW2A8EGMADDRWUCIYSW08Z85JD1JRH21WKM46Z1U0
120,5509DIBILAJGTJTQNY62S1M29LMO596YZQXDQ3YJJ7SHYYMJLGE3DWBUHZ9P1,2000-04-29,EERE0H,2,0UN7JZD7CNMA42MSKLTV7R8V7MH3U0FZM4D8TQY3KD1G3NEVWH5S43GOYCC6X
121,6B662XTTBNC8MA4Q0VZ8J46T5H9SFT1EJ6ST2BAJX989RTJTB2OXXTKH6IJWZ,1995-09-05,95ESL,3,HEN8FZGADQB9YLAHM0PJ5PY08ATP91A93DP50IE4X2FEHC0AR469I2J1MGCRX
122,1XI8ASNXIGHRSE57LP8AZ4USK6MWK5MLK3MXGBXZPTY5PSVWNY4PRIBUA4KT1,2004-10-18,A,1,B7VWPCPBXAX2Y8EGIWPWMVCCK9RF8Y1NG05UM7FC5M6E8ER78I741S48CCAAL
123,7R8GKL5IOILBUYD1MW3O1TZKT3NSO1A0JDF2UZTSYIPMVUIII8UOGX5LA1LUB,1996-06-07,91VWE,1,VN46AQ5M8QTDUPYCSLJVSDUPP3N7YYP70TT5HXY880S7KYDFTBN3ABLAFG9RS
124,6H74IDOELXDD7CTPUYJAAL9NACAYHULTTF91K5DJMM3L476CLMLAKH99H2ZM4,1992-03-19,863,3,EOSMA2KGP9U6RZ9WINF24FMXPWOCFAANK8R1BOUAGZNX4B5J6YZI1IQN6SXDE
125,8TJADB34CQERGSW6GF9NB68XLN4VTS5Z4HRGXFX3USHLWTKRXYGN7FNXK6W3E,2008-03-20,UWHOFZ,2,UMLI6BXHAZBMT4KWJ21NXHCUL8EVE0FYPPROUCD0E7MZ1XY6AUH1M0CQVQI51
126,NH2BOB9X0NMAIQRHX1VXTHQVPKEEDHX6QT62PJFNRZZYI7E8EAG7HD4YLMJ0Y,1997-06-27,DPOGE1,3,L0KCRKPIDM3JD9A0C6EBDEEWWZOFNANG20DXNW12LLQMAY7PFETN9H93RZLJ6
127,76FJWPGTNDMG7DUTNGAWQBBU9Y73ANSVV6BE87JW75Z2UG0QDEJSV2R0010SJ,1994-08-30,FT5HZGJ,2,N9COL82FVQ26I9ZQJWCMOBAL20LOK3A6EX2DNBVKWLYRKE3ADX0PWKZ6ZRCO4
128,NHMYFMRAXDL4JUVGBG47WDPXU5XD4K4919N10VTKF3Q3MKOZIP0QCDS14A24G,1997-11-03,W6,2,YA1CY152SKT6OSSUKHJAMGR3LKDF4V4YNJ6Y0OAESQZI2OCVW88Y9FC5WU9X6
129,8BN5K14U8TLURJIMUHIHIGD8903TTJVJ7R9VVHYM0ADJGY0E3Z9FXXRW7EZTA,1994-09-16,OY0KTN1,1,5NQJWQ9XDQ0GYAFLAJRIZJKU6B6B422UTKWLMDP74XC09OH0YEP7A3K2B9HKH
130,H8Y0HWFUPUU2U1FBDT3TLFY8YWDA3U04BVQ44P4AQCD6J9EYC1BH8CS923IPR,2012-12-08,SNVEO,1,0JZDHHGXCPHGPIBBV9QRQHXPIPTHWI0Z7MM3GVH2RX7941N1K4OCA989N4CN3
131,R7UI9EQKI75677TUFG1IJ6NAOXFFGKSDMWM6995TTCW0MZTKML2NQIA767NYV,2016-02-03,PQC1AP,3,Q4B1DC9YA4RMCD2J4L396DUUQDB48T0JV00JH4XE4SP42CN9ZU534FM7YYM4S
132,OI6PGVE4YSW4GRUULZ71Z06AURAHMG6FHMQ21DG66APRUOXBAX9AICAJYQJ8N,2020-09-13,OBQ9,1,PP20Z0H37FPALFOGGN08Z1WVWGPW0MSEZUO694RI785SY5IVI0RFCX8BP8Y34
133,649GDAYYE7V8UBIJULG1VA8238UTYJ3JQ77Z9XSXXZZOOFB85FIVY2425H13A,1994-02-19,PLSQIEY,1,60H92MKOUC3M0RLYNX10QFJEABGCPW16XXAHN9HXLE78RQD4NM03CL3JFAWEU
134,F2HUG17W5JUJJYUNGM92CJICNMC24G0H5C1RVKRU2ALE2IRWG76AJFTME2Z3W,2020-06-28,RRNR,3,13774DVBB4FR0QTQIFRXVWCNTFALLBM3E8CZZTONKI7V36DYQCD4V8UQNJ4WU
135,OCPMEIZ44GNDPYF33OW4GPYZBO4DM6HASLRARSPCJM53DSS7FSEDOVE4O7TUO,1993-08-04,0LCK4N1W2,2,66RWPRVPJNARMDD8YTVKXLDYOZNXIEZ2OBNIGZVAL7AQD5GVV0RC1O7X0J8J5
136,79ITPDMQ3KMTLFZCDXWFJTD1ML2CRQEFPK3HPKG2GACMZAG73BKKXES79CRDY,2012-07-18,RPTBYPO60K,3,8U4W52R3W3ZJVJZW0FUC7LCHC7TP6HD11RLBPGNKVI4Z0K0OLK8TYBFVVFV1E
137,11EEDVZELRRJ94DKLNUNPQ9BO0QS81FESJ6VG51ZMTZ8VJB90OQMA9BYASBEY,1996-11-12,8LJSZ6SOY,2,REICL3U9TF6FWWENOJQV7VJ95R4ZAJ3ABHBMEQB3FNP7GNCWP9G6N8KI5SJQP
138,LYS3YF6K6FGGUBB7230TG4NUM070V7Q87FPQVZP7A5BW3FKBGMZTIKZD1E1OK,2018-04-21,2NO1X,1,GPJDOFRB1ARFZ7M3BSGECJB59GN9L76NPX7VY0PIWTST1TQVXGXY0INIOMZI5
139,LVETLI1EZ7Q7QCGCJWVEUFKEGJ5QX7USHY8YX233YKG3HMS85L3WO0CIKP8AE,1992-03-06,V7DG65JX,3,IPMIZSGBKNRUMWBDADJDWQL6PPMSUNMKFQ7GRU878KCJPXHJS392W862H8ZFX
140,4EMW7UK2LM5PGY55SILJV1JV94Z8ZG8RT8IRXFGVCMDB3AZ57PTEG6CYIJCXH,2011-07-08,F,3,MTWMRZS43KBHX1IA9SLCUQ4QQAT3PLO2VYFCQL0J77P8QLXP44BG2HXXM1ECK
141,0KJYO7XLHD61MY79I3P4KCTX0EBUEWEGF90A6TQNXRH7YWD3OO42SWCFKH0G8,1998-03-18,2IJD,3,U4H1XNX0XZFT31HIEESOTZJWBYNJCPIPH18TBCK8BLEF91GECNZJPLJUM7TJ1
142,8EAEUND0O1BA327KB0JIG9UYKCBQCZ3YUVVDGR1B6YRSB1HC2YAMO0DBCFE0O,2012-09-07,1ITOLX8,1,LSPF1AEUTS65W2NIERN0KXAEPVLDIEXSSMA34RDBGJ2VL4PB5TU86FGBQ989Z
143,89EG0ZNIU341X3ENBC4SNRBMK2YUJP206HSA2NJ7712N1X7A66DYAEESFE5W1,2012-01-28,PTHGT,2,60THNE8Q5A962B3FLQV4GD2U3TD2QGKXB0KEXVK661J3Q2I54YRSBYAPJIQ8J
144,LC2KMW80BRDQXGQZ2D1G6MRPCFLH2HJOGMTGVJLIGFV3HRWOJJ5RIV1OMJM4I,1996-06-10,IQ,1,B108TETKLXUQDJIX0OK11S5R4Q4U41KNYDFM8LZ2FHM50VAUDGGEZBDW7J48V
145,WN6QM37MS76QXR30MMUW5A5KQV3XGFXQWD6PKWADJIYL825YFTUZCBF427XOO,2004-04-28,M2F7PX8AJH,1,2VUJ09VS2S4HX1JLSFIH3RF84BYT6RSKGYBR6T7RBIQGF8YQ9HYSSXEC3QJBN
146,IJ53XHBC6EK3BZGA7H56WRQP16WMV03EKR6IR3QOTDYRR01U7Z8RSA8U3I9LX,1990-10-31,Q53K,1,P41SYJ0V95WIEX4HHF8NZV2A949IOY9C16TF2CNN3L1A2HJ88MVNIJLMTP2KN
147,GRTLOR2Q74N24TXVNQ3RENXU8V26UNDOAWJHCIR30ZWFDJ2VYCX5QTNQHINT0,1998-12-10,5TTTT8G,2,39M196P2JZRJ6PKJ7W3HSFBRS3F7QNKY84TTDKRBRA50DQZI04HIWWPC03MMV
148,MO4D0YNTZBU0ZPJ54F9JEI738YV9Z5VGV1CY5KW7JTCULVNP0Z8I566NI83Z1,1994-08-11,L544NK91CR,2,1MIQRZ4RI7W8E02B6PB5F2GU6WY4K56SE73V1SNWGG0RS1S2ZYJ0YXKHTYU9U
149,T89B3OK70XIV8JS8QZDPH8QH3O2AOF1H2VUIBCQJXVUGH0I43GYDJO6WEZ67S,2010-12-29,S,1,WTBAGP9V0D0S02YKTVT89GBIWEM05VB66GSNI58TSTMJW8OH3NAJAXHLSWTKR
150,M1PKXJKVOD9YHB1EBNR4K8EDC2JBJ9X1A0836K6WTC5MYK0YV209EGA9GWOUC,2005-06-30,A8Z,1,LXG0XQSSKZU0RSMJZ837L1W3GK6JY8DFN2WQ7YTY1FOGRN91PBG7P5HWE7KQG
151,HJNQJZRKYFY1CJISTRUJ8UE4DY30HITLW5FYU0RQIMUV2J8J27WMU7OUOSVAL,1998-11-17,EUGBXSUR,3,UUARY9RM3G3BYKBDXBOW4RY77NVAQXPOISJCDQFD4H9W3VI22H9Y0CUOE4AKB
152,531P7SMH2TLBX7QBTY698S2YSHT6GL3GJMM707EPL2M2C9238Q364DZL7FCAR,2008-05-13,TIND,3,0CK1HI1WDP01YYSAWJE9K36WTB4SA4ZMAXSKX43A3GIVY4A989BJZ0E2B71SM
153,TXN3762CI4L660TMWNEE7ZAWPXCWTXBUMCPB7XTPCMBI6QASOVMNMNGAO3FUC,1999-03-20,X0G7,2,179ZKLRKZO5LG4MPZF2OXW0JIDPTBSA0VG4MJXEMA9ILW4PXHJ5XFQ8IPDHUE
154,EIXLS6QMC3L66XGKQGH8QRZGEP3P6PX79Y6AL3PQHQUDAPLJHLIDJBLZMOEMC,2006-08-29,5WNOPGXED2,1,ASFSHZDZ9G56BQ5Z8S930QVFGB2UUD98LP56ZXWEVHNUCUCCV4X0FCUIZDK23
155,TTAKWI511BY3NIVL14Z2C3UWO2GB22EW52GOVWA3HYUQOO549JB4NLB3M9T8K,2013-06-23,8322N,2,AXENB0FRAEZ934Z3GNHZVU9OJVRW6KF4RPG7KYVX6MXWNPE5W8WYB5QVNNYAU
156,WGDW1CQYCA8LE1C00Q8V3PZTQTCAUAR1QWXA8414HCKS2AEZH4GX1B78LQSHJ,2020-06-03,H,1,ZB72NXSBI2KO6OFTIIL97O4B8C9T8OMH12K24FFPMM426N3SOJGR7T0ZNXPJW
157,PAZ3FFP7K8JIVBPRT8OOU7UWU19VMF81TB6G3O6EGV1MHJU7WCE2J9IJEIRYG,2006-09-04,B3Q,1,8TG2RAB9HCR1JTRBDX09UZZ8H1Q0MWJP3V15MB2I1WOPAU00WAN4DPQK2I3LU
158,Z2I8NMGLXBA1U9V7ZQPT8V312Z26WAHVZ3C682FNH2P5QPUK7O0LZ49X0EH30,2011-08-23,L5V,2,AF846V7DJVNHZO8HXXIMRRTG23MMLAHPIDDWCOPDCB6SRSZCB7VEF2YS4HFBD
159,P0I8M5WYRIZ6I74672GG8I5BJWS2PZ9WB2R537EESFMWSOR9B7A6KK5CX4QRU,2004-09-29,BQBKN,1,EWB8XTGPB4AJGJ6FNA0ZW1SAEFU9N9CYPFH0VXJN4850AEJSH5M0QKFONST1W
160,LU0UW0J9ZP9AAN21P8Q9QBXFGLHFIH5ZKXDDSO1TXEOI1KTZBCM43P8EUIWUK,2013-08-16,T3Z,1,0NROCTVRMRRJ4SYLPHD3I0BGGALN8XNIUDB8SB5GVGWIJLRU93NPFGHYC3UXJ
161,DI1THLNZU3A84WH4BSYX7HW0ZWKI21D6AU10DPAWMA9TMQNKCP1NBFGL2ZFDH,2007-08-13,SWHR5P7,3,68TKF3RG1GHLZD6PHDE65F7QCZUDF06RNF6ZYOCKY4D2QU6TFYE5SNCVNRI3E
162,04WCY79FUT4ZBN0S7C79XMMSF2GBNJZFVF12VZ64P9DFX33BZI1H8X2WNI2GB,2004-03-25,ZKO1,3,SNT0NHX8N1EQUBYE8D2WKFMT9O7R8LRUPS60XT359LVC5QPD8RUHE7TB51IT4
163,0KKR2CAP8NEDEGKLH3SKPWB9PT0H3TX21OJPQGLHITIF4KRR0Q1AKQUFG6NVF,1993-09-24,RL3,1,N0ZJ9AM7ALI1XGJ9KRM5ZJMXLY5U7QMFUV1QRC9V2QKMMV571YV7JIN53C4G6
164,J0KLV42PII751JYA4O51OWPG3018MLJ33YL0KYOOPI509DBQM8CCG1VH72L71,1997-07-04,T761DLI,3,F1XBPL275KQHLDIVX4XHPMYW5RAWY56RUWQNBYSRQCCCJ0H01YBMIEJXGQ3SH
165,YLL47YRGZFKUUHXLWY9XSWZXADWN12VVJNO0K1SIHXCSZZU8RO6CS4MV07GWO,2015-09-07,0,2,7D42XB2FKN0W1VC0YTO45MZL3NCSMKS1ITEKT8X603PQ2XSO4H6C970T04IYS
166,WDS396O8VFT2BW6NHFRBUZFVM9W3ZEU8ZYNVALYXJ4RC46KJ4IG40J83IQ4LP,2017-04-25,9APT,1,TP7ILHDHNURQRVIG3KTKYP6I3NB1C3HDK7Q7SK6CO3R2GWOZ9SA52Q5NZ8X7V
167,LFCUHH9MYCNIEXMHQL79FEFPII19MJ04G35Y88AT72MAV174KGPD86Q8C6X53,2006-02-18,QEB2FB1,3,5F9H5EQGTMKB2LSOJLFSTKRQJ5XZB1DZAX2ZXFZOKW785EBX6MK69N6XWDBDA
168,VE3DVEQ1BJ60WB6UZ9GHMUXJO90CT2004V9VTMHGCPFXWTMZDGTYKVZ8A25B6,2015-03-20,C8CYBHUCR,3,K90DEHSUG825MR230NOOTJDSK0J1XSH9VXNRWMANZXS75G0N9E2NRNFWX4JQJ
169,W5T3M4PRXEX4L1YR7IV4THX2GDPQXK5FH9P69YSEISDLOX2LB2D0MH36VE4I5,2002-05-16,V4NB6UCWY,2,ACIRMHDNRZ2DL6634IOHO1EF56Z2CXJAFWNF1TNMEJ7SASGUO5XJQXZWE80I9
170,1NK9GHEVQBJFQI9PR7GDOK56ERFY6PM605AJIRHF4J7ELKG7OKB8PS4BA5JOA,2007-09-12,CV9KHTX,3,ZOV1U5531LC0BBORE4OVV8BWW2DF9259T2PO7QWRP1JG6PNK5C055BW574T4Y
171,U9IPC3OKRR2SFO2SG07HNZO19G1TTUE6NOZJD0DSGOM5XROKZD3BFQWMQWZPS,1996-08-29,VWR8Y60V3E,2,KHVRO62O6MRL062JN82JQ8APIDHN9S5AZ8LTK9MDA32GO4X04D0ONLQN3CCHD
172,NJAU3492326X2GZWM6IWA9CJRJSRH0SA410XKY2LRGG28PRT82AS931BUZQS5,1999-07-07,M4WS,2,D60GQ7VABVX7JYQULOX8K15SC54SY1PVWERMNO3D4TM4YUAWZT788DGHLXFCM
173,J55TVOOWH2WYO75FC2BL6Q1KO2ZGDI4MJE10NNMR3T8NGNAYR6K1NOZ4U370C,2019-02-14,MJC7O,2,SIYY0GNKAH17CZXVZ2TP3MQ2VT8E9T4JX97CNKQXYC3MTBJO6FM4QZFV6ANLW
174,1VH529R891C1RM7OSAV825C2QNBYJUQPFWO4SJB39MGXEIVT8NFZO4JHQBKEI,2013-08-21,WF963AVO0X,1,KSHJCY0GTN3JG1XKO537X54MC936YLRHHXCW64AE7JT22RECJPBNQ5WS6BOS9
175,I4Z2UIPU87Q341XJYTG7QLZJSNWVAAA95XACK3B9SKXD0PDZSEFFMCBLKET8W,2014-05-25,TJVQ7NLX5K,2,0UV9A7MV6FSZVOBAHJFTBLQKJZA0HASCU5PZHTCXOGHGO6LJK2G4KMKZAGSWY
176,SM9BETNO6E0YNNUN36JDJJHMR9ZAMPTQMBPCUQ2E7GX4011DKD3J5NLTE8EAK,1994-12-24,EQVE7OSN92,3,FK51152T2OXXLH42CWFX9GCSV434C60HM0ZIDP6RMTLF56S6TF3K4Z34V9YGR
177,407K262VZ29X7NRHNNU649DI1D2N2KSDZELBZZCGLLOMBPQIAJ5LUSVZR7X47,1990-04-08,9C7QC,1,RQ9CS6F1AXZC5OVS0K5ESHJ46KP423TDSR85F1CTVZCNNEU3921OFPREUTM62
178,YK3A9DMT8F54F9CY67XCASPMD61CTF4HYY9GX604UWZN7FXDS0TNX7YC7PAZS,2013-07-20,P,2,TQFTCN89WHNEQSY6UQSLHHWE1TWGUP83WPPJ06VHEZ3ZXWEBS2YWX63UK2OE9
179,4NKEBQA6N6YKR1Y894MARZXBX8DANTFRR9BA2YANZ8ZLJYZZFB6BXIXGVPMR7,2012-03-21,94LPM80,2,P1IHCKHHGA672NKMXLORCVJI3QO7JLG3VUTJVOIEXVW07BWMNRAK5732F8PRF
180,TNS3MOI684Q42SXLWU2PYSUHU6AZL14H5HLTTMS89WIPH00Z8E4WYD5HWO03V,2010-10-09,PL9FZT,2,CWHZGL55L002D2X82UVLXWLW7O0OQD777G1K9MO6Z2YBQ6D51CRHARQ5WFQF6
181,A8O3XN2CVOK0BPK1C4FV36HGI4XS3Q8J8LQXQ38J3PI7BTO84TTDBL4X6TE6P,2016-01-18,WN,2,TH5UIOC15O57N4XMVXAH73NQ6RWRFY5377K0O4CMB5XZZ492XHB0RNDJIK2NT
182,OFXNB9O4BFATSCJ9VVLG0158ID7IJRCW3W7A0QDT8NLU6UWLQAEAMLNC7R82B,1994-11-26,IR1V,2,QR0IVR0B6XM1DI8XSXMID4G2GHORK704LWM4D9A00BZEPGE3BYJB0XMA5T6XV
183,19IKMCSZC6QSITE290UYF41POAZ0V556PCZIAY1TFVIG2N8X34KX162NZPQZQ,2013-07-18,Y0R,3,0PCEG3GE3Y55M7WUT7Q465TXPB2I2U3FPB1ZJ2YJEKTKAABNELJ6J1ZRHWFGH
184,U0W774QOR1HVTTCFQGJ8SOAX6YJ0K49MX3MBDYD3BF9ARIXDLTEOF59QMZLK2,2009-12-09,R5S,3,0PR4A5YF95VGOUL32IO8S1ZMKBYUI3JSTQZLC63A5IYWZ5MQJACTKDOQLVL2M
185,P0XSE3DV7DO4IE2HQ0OR7E8A4HOTJXUKYCQ8MTW9Z4OSV6PDU75XJ7CQSKSXU,2016-02-28,UAF,1,1D55RZ74S8N9A3OVVF0WIZ86SAIYXAWHWQ0U106VNYFE8YXP6UO4619LZQBDB
186,5DO0I73WOLOM5T9JD23B10W8Z6W429ZAWIVX40P9QGK9O3CV0IIHQ8Z79QIFB,2016-04-29,DH00AY842K,1,085UCYYHFUJVB4S1MIUFYMDH2NZ5LLSGO6OF2FR8S4MH8IUPX999WTXI93OBO
187,JM92IM3I7N4H1QYS74FVTB4Q98026NG7DFIVU44A33YAEZQKGW2WSOGS93EP4,1992-05-09,3Z08BU73,2,DY0FIO8ATHVH5YQLFS58EBFBJ30LM0WREYR5OO1OJECBRNHNWP3XGCOTJH87U
188,MIOOL880ZDWYAPAK4464RPDSE1WT2Y5TGCZ22T5XHALK9A2GZR85VKKID0CVJ,2010-06-13,P3ZBSZANK,3,GKAPO3W3IUN0V985X87XEXQJXBIB8AMWHND9WAWSXGNCEYKWW9Z80VWTO5V1I
189,TG9ARGEZI07P6013WMRTAQ0F1FCZDHON6PA3D1MS07AI8EZCHIU28JQFK7PWQ,1997-07-09,U,3,AOU5ELMO22H2U0RYVT01UKFNJ98ZFTR8IEOD5FJXNNL9UUX90S4EL5XJJW9MJ
190,7M5YOWH2AKSL72P6IAC1D3BUVVAEQGTMB87YDQY5RVLU8QQZEO2NL0FOPXCP0,2020-10-27,5VRVZX8JO,1,0R0ZGXWXF2EIXE1NW6U62ES41ITOWJ5GZF5RQOMHH9NNQI2KPSLGMDZEC9CHI
191,8EA5ATN0FI7V8R24B9PFJ1TQTQ321PGO4TKW2Q63HZ96J5AKYS90PS16YBEIM,2005-12-09,H,3,3LW95WVPLTK3CIHEK5N92CMHURN708EOEML9DXQNXHJCCTOTY09D3D4WDY5I4
192,N5BC9UJJKXCXXCNNPPVE04TI2VIVE7YKYG9AI4P0QRZYDM0VNBMR4JY5GBURB,2005-08-12,L3NXOVHL,2,3NFXP00IKJGYQ2IVY1JO2K2FUXF1FFH6JXXBJ9OY0829HROB5WGD4R7IABAIX
193,26P2PXQA0BFVY6F8QOKH4LWF6SW1XC80E4A52YOXCDG4AJ5NT92UVZ921ZK6W,2017-04-26,K2EO,2,WIFYA1T2J1PU8ADF017VO7CT8WVV43VB48ZUQSGH6JTDECOY5ZJQATFBVQNBL
194,XPXDVA2MRGMDP1MDJSCYH1GO8XFYD3IKQ2FK5385XXT25U8GQL0RK36XOO2MI,1992-09-30,NNUY2V4,3,JEDDNACZFZVRW4QXGAI1BQMSTZVVY3S9QINHBPI077EWJ6UW5YEOGLI2QHJE0
195,GCFNJK8TWJ3QQ0QJTICM3DQQFC25CEXMAMQK6H37S3Q5A2J0D8M7CRU4X4NME,2003-02-12,VWZZU1A,1,Y4QBKVR2PORB35D433WGIGM16BZR4CITFSYLG3BU8W0CKQFTR2IEVLGNLPREU
196,2L3ZUTWP19GHTCK354MP5H8KRKMFLM6LVZDWFUFK49E2OR803KW1Q3MAULYMY,2012-12-18,C,2,62773IWI3BOWV1WO08ZN78R0SRZ3IOURB3KWFO5AMHN9UH9UNOI5SO7MUWG2M
197,F3OAC911B0RMCJB1QLNZJM4CJHMK4ZI2ZDCS26OLW7ZU3J3NQJDJXMB8TXBQQ,1994-10-28,ASJ60XPDIG,3,1QDR2RFWPR3ZA14IGT23QWFEZ8CPCMA822APUAC9WFUKI51SGFKJZ0DSUNYSE
198,UAK59J24GZP6FYUY4Y81DTJDZL2HOZKQHCY25D5J8I3RN4SCX2FLI6AJ2IG4G,1998-05-19,UROL,3,XOARSDXFNSZOYY1N7OR1PO7W24IRZ6YWJ7Z6RJIPWOP20Z6J3W8KPZYPB6VVN
199,62WC10RGR68USEG70DWIUFPCCZE0SFIGXHFBTFDUTLPIJVE0JD8TH8JU4702Z,1999-05-10,KJPV,1,4VUI83REKY2HHUKIU83V7QLID9Q9B9M1WJRLXSIKJKD09C06YJB3ZBMJH6CAB
200,4YIJ2XOSIG6QJRUD6O72DVQHJJFSW3PCHL633AY7XXC63XZNIFV2Q35RLLR20,1996-06-12,N500,1,8656EMIWAU9CLO8D8R37URO9LRAOEEHYGKCXJKJ4WW362ADLFAMDL7OU2NH3W
201,EHXM5TCE3QCMJKHMKXGPYOJ0YOD6FFCORCEC75Z7PYATIJ3BRYFPVE6DH270N,2001-02-13,393G7V56,1,VCZ9F98OTOY1BLDCGFOK6IAB92IAOC5W0E2UHJ7F2MIC2153N2WK11SXGJ1WM
202,A7C4113L17QW6SUOWJGJVRDJZHOV812FU9MMNEHR200TJD1O688593LFBAUYG,2010-11-09,AP9FA4A,3,QIF5576ZX4ELH9KQ5RAEEF73OVWBNLHFZNVFU53T62Z4TCEVE1DMY703GS15V
203,ADOXVC4Y6UCEU0IT3GBEG5HERMHICNBVZXZHOW3SH5F5SWBMQ9QWER343OQ2O,2013-07-25,5BJPOH,2,A3RCL3BHMNUXQF2C5KCNT8ZIAKQIRK01RSU7RJERDI7AQ14NM1CY5351R20JI
204,THVYVM527JGGB6AVOA3851TCNUDEHCYONFVGE8CIAIFS84XU6G1GF2PV6CBK2,2020-12-26,MX72L,2,SLK6UUAV82Q0OS8M8YZTP1G9LSYGWRV2MI2LL2WND1588SNH83QENKDLCZ1QV
205,1LV6XCWGTRAAMH8QZO9S5P5YHONZHDGXMB2J4H8MRDQ2PV2UE7BA882I1EMX8,2020-02-03,M1RO,2,XY1OHZ0YQ662QXVF7661BBGV3MC2LPU8FBMDDUCP17RFG6OXE6MV6G2OK2UW2
206,UVOSSF69JE4EZYX2H0FXAMTZMT8J4VL8L7CHASUXM1843KC3V4V92759B2Z09,2011-05-31,TZDXZXKX,2,EOMTJ9J3R3VBYZXZKC6QDD45TY5LEYJ7M45V76XSRJLR9D4B7O6K3G2ULSM5Q
207,I3AUBV3ITWQXOC1SQ956LW8YUNY3RJGVOGY01RETST5U30GXS1EM0RACUIVFW,2011-05-30,JJIV,3,AHZ3P9BFC56G0ETP08PL07LW7PQ9HO7HDBXZNWLBG4MQJYWN3VXFPJN791OBZ
208,W1P465CT7FKDFCM6SKPQ04YEW058D9DFSV55DA3YTS0O44MO8CGXE1D154U6Q,2017-08-14,WKDCS,1,VMPQAEDWQZ30S3Z6LP95Y4J30KJYDUTYG1QV4KMZE23YFODR1CN69LKGSXDB2
209,WJUH2L0ACXD6H8MXTWELVGZSH3W5TU3LTFC5W3TVP363DNK0NRNLKOJSQENS1,1991-01-18,KI,1,5AAE7J9I7EELGQBV89RMD2Q3USN86XGWPU3Y4O05JPYE4Z3SU2USF18ABH0W5
210,K843G5MJHDVSB4HZELP2ZFJB5BE1Z15GXQO7RRT74F7GSGP7Z102ULIJKPKXM,2011-08-09,LL,2,DZY4QI0YJN7T0CGCS5KTBQ4O738ZER7NP0H286HMMAHPJ8KRR6NR330CB9YUT
211,JPQAHDZTDEKRHXHK53CZ578JVRZHRA8MHKZJ92RS1CXNMXOPYBBXCRVIH4O26,2015-06-14,9,1,14SQQVC51ZOPBVMQEDM16XEGHECX2F717VVPKPZ5WVEZ5A5BOOK889RVZO73L
212,TFSP6VTZBYVGKIMY8ZLMQVYRWYXRM6XOKXD11282OCWXCH8ETYWYGPNFP84K1,2011-06-28,AXD1TSZX,1,9QQAHMJ3SWX9SYEREM0XJXOF5CL6E9EJBX31SYTRRY007NPV53K7WC7JRUCG1
213,KK938RWGUCUV9U18B0QI8T3EMLOZEJDDSVUHVORJSUP9SFP70IJX13VC7OHDN,1994-10-20,9P7QTOS,2,GHUUST76RNQUD41CK4CFX3F1S9Z11XI2VD6RR119QV0ZN211SYXRJI69DUDMP
214,TGR6V962YRWECO9WL1EL44SOPLLQS2P2ZMPH1KKMVZKLY9VMRRMCJWSZ9UCU7,2013-12-19,WY9M2PTM,3,91UBGH0O39MHPHOEB7APOIEBCI846CNINKPOWWX4P506EZNZ7FZDG1SIJM08N
215,VCKW54H650SC84MT7NCQO4AB3FTBLZ0WTC0LVKS2M0KFTY6KXCLWJFTVFT7BF,1990-06-29,8,3,CJS1QYVCBHWRZAON1X9NKO41I7GM3TGXNQ2WX44AAZ1KQ3Q12MMSRAIXUNLBJ
216,XCRYFYN5KASN4ARRJYUHO3GDFT003YSVSDKA7N3GOJ7WYP1EY3CVABAQ471DZ,1994-09-24,2LVN,2,EDIWYDR3NQGCJ0014O4A7WZN809TKYHT1I67PTLKJPP8OPMJ347AEGJLXCRNT
217,2S65GAIDFJ1UVTCJFKUMANAA1I38RNPT28IG52XNVJEFWNLFGOOHE8K31JYFM,1997-07-17,Y,2,EN2HH1HRT8MHP1XWZYH0K4EDB2YGCKKWJ3YBVF1V28FNK9S78ZYGHT83KNQRD
218,SESVG6OI22UEG6OTBQRX6WWRZG8H6A2O4LP8T2ZEKCDQ2W44V9PSTW1X1H3AT,2010-11-21,B64KVT6,2,EU5OWWBV1AFKLFIZK7O58FPBRIXBE3AHDB3AQOFZTXW9NOBYOWB74AW6MA59Y
219,ZCREGHMOD9F0B2QGSU1Z423SFZDPN3E25A1A3OG3X0S2Z71SJYMXXC0D7KNCL,1990-09-07,6DL,1,WYBIYOUG7Z5MSNWC20YFKXCUUFULHJ7TN9DTS1R7HC35E9EH09TNIDXC7QDDW
220,L6H7RY67R0WZQQDFLBR82X83U4FXUTUFSSUXV4HJH6KTEN9P5V8FZKK2Q6ZS4,2014-08-08,R602GSPPW,1,DTZ981NEC8OWEIXBMA6PUGSHGTSQ1IMGAGMN0OLL5BCRNVVFLE3TTEB3VRCXO
221,J8XVB1NWYA192Q8E4ROIZHJHYGCALHPSKBBWKD5BBOW5JIAWKLXW9NNFM4JF7,1991-04-15,HHEE9Y6V,2,6DGFKQJ0MUGFQ9NLY1AD3ICK8XJCMUPFFDHNOPJDCCG2DPHES9HFNHY9HFJI9
222,MR3RKRZOGIEMDZ1GBP1N4MBMYMEEYVEPDIH7JW5BF3K89CWXN8CVMH959MYDD,2002-04-20,O3HX03,1,534JBCBP4ZJP34WMTBG6IHRO067EHISE4TL63IJPWJYAQ9V76J1T02HKT965H
223,CFKIJEMLYBN1O9VEX1QDNUX7JK5ZX7RJTKTKC406FM120WENRP14N5GWXCHP4,2007-06-19,9P,2,OTR1XQI9B2G2T30WERA2FNTTREWMMLKBAGQ7E9B9Q59P7AO5ZSYU0ZNTWAEQH
224,SI8SJD4RD14U06DFCZLY5WNTRYSUGA4HZ5PAZ92H3OVAFZPK4NX1FIHYXUHW2,1990-07-01,RY3ZBKT54I,1,NH1WNXIFS6RCAVPCRTGGN34MUXIT44ATE9W6FE2VH1UPN7G3V9YK5W9H45ZUM
225,09BBDTXGWF6T3VKVLBJWO06JK0RLN71ANA59MEWFJAZBS36V5KQF1LOIIJXFY,2012-02-13,6UC,2,8E0KZLR3V5KCHC732OL3H5EQ64LK14SZ8ZM1Y839MR8OVJRWIG6YYSG9SH9XM
226,67O3N0WV36FD7W8B0WEAXWCKYLE79GYKF6JWK2NT0ZMQU22XVNGCD9CE5EMQ3,2002-04-30,97I7RJZA,1,FPWVEWCJD8SX8SL8W83HQB1M8JN67D69VCV0H7OMGRL3RR3QI2OLJMEU4K6P8
227,UZS4AW9NPHHDPCDIR03KDH85806MU0F3MO60RI0LV0GEDQE0HKPCSB9DY9JFM,2012-10-17,H1,3,BHQDZ98XB18VQ8TZBTJ51WF7DMSESOQ2DCEHZI3U1O4QC5D4B8HGZ91MM1VI3
228,KQAAP6V9T41NOOUILNATZVQJ58VGF1V8QPGNQN0WV37ICVXC6O215PE7U7U4K,2004-04-15,QWEXMJ,1,MIBSKPLYZDNWADXIHOAGL4PLWTK6EQ3FS60AGE6OUIRQUR8ALAYLJP4FHLXYG
229,MKMV1J01TK81U2O0MRINLNW1G6XWOTLRTU603AUS6R8OX8OY1KK4O3AVWMJMX,2005-06-21,0JPP9QU,2,WJWJHZ5BOM7I89MXDSKARFZFNEBBFDRCDAUSQ2ICBIE0WFJRDW1TMER9TDIIY
230,1DT8AIPVR44NO3RM2YM2HVFGKOU782F0RSJ5L0SQ741QQ7PQUS2F7LTW5SV0I,2000-05-20,CLG7K8FT,2,OHL63T42HMGDNYURMZB0RGAGH0J0TATAF5C1TDOUI6XC9WBEBJ8SD0O2D5TQW
231,7I5FR6H6CDHKQXPC85E189CIB2X1PJCJCEFP0D4LVODZDQDW1AYFCMNXKBZHH,1993-08-01,KADZ46EN,2,S3JWC0L5CM48NCB6AWBU4126DPRANP3C9URPF1EI7PXMPYJK8I3NJWB8MNX6S
232,T8M9BEI4QCVLCSOK1ZDQRAEUE2YEXN8IQI5LQLPKWE6ANTLVRIXX1VEC7AHG6,1990-06-23,61NTWKVPE,1,LZABXV9FOPXPARAD20T7A1CMBEELGS50NS4L27ROUI4C9OMPF029WPEZI4NOK
233,7MDL49KYN0IV8L1OOF9EE46P1KT126B4IMRJ0J46CL3LJHF23EF76STUVR04T,2008-01-08,M1ZP0Z,3,3O8QPI3R4EST9I069FLJRN0IETEUFIFN693L23LQEJJENLW7ZQZTM27769NQZ
234,7EBTA3G5SO4PP15F1I3EL1CJHQL565O4F2C768GRBY36GP0A99ZWS9539VNWC,2013-05-25,IB,1,YZD3KOYS3PZ3EBIYOSS7D39UN45KA9RZ7ZZ58G36PIJ9ST16ZUO3CL3TJPCX7
235,S3XZB0E8Q6VT8995GRHZJE03LFE3YZPLYJ2HB5U35FGADETJZG62M6LNXDN25,1991-05-17,EWFVEV9,3,C4BV0MBTR66GARLS643U4QC2LG8RE0XE676JGX79XJV7EBKH5KOBI8IZ7MBF0
236,713XOH0IUCIVZACBYWZ6ZP7IGIIL4PI7C0GWF0XVWK3G2BYWXCTUA4X67AF42,2019-02-07,VQ,1,SYC1V9ZGBSMVJCCWMNIHURD0J0QK62NP4ITA0GBAFRW6OEKH91AEUJSU9YEFG
237,1WQJ1UXL3GO3R732ZRIHNJU0ML7BMK9EI9TXERS9TNWQYF1DBD83CY4SHIBX4,1997-11-23,UKTTM6789,3,80I54O1LTK3DF8M1U291AD8DR34BDR5GL3VZ5A85B9MECVT08DC1S5KUG2FEV
238,8U9GUDI2AG4NTRCZ917UPABUZ6VXHYLNZOZG97JI5UBNYAJHOYK3MOUL38OQN,2015-04-22,SXU6,3,4M6KDYGIRCB19UGCHZR509HINQ4XOAPI0SRUSMSJZELCFAH07JUS6J1Z0ITDV
239,AM3XNBTW636IRLNZFH0TDIUKK2L8WNF5UPSCJ4X46OWQEF66RE0YB32K7NE0B,1995-02-09,RG60WM55,3,ETAU6CWI0FZF5IZBZQF2DYYRXKCE7M5P1P3C09JZNZ1ZMWHIBRH87T7LYO5TI
240,ITHQWKC4IO6GPWCN1OME5FKNYTXQGE8B9OXOMOSCC66LFSUC5N8GMXTRY679O,2004-09-20,3K,3,DU6PSBFHTGUQYJUMJF4IVVS2TPKTL71KCWWJV3HRO5RPHN2KB1O9CQUALIIRI
241,XPMH5GIYO2U0PMIA1O938AWOKWH8P6L5MXMNM44Q7EC3EUVS94N9HDM5YWCJ1,2003-04-05,H,1,YG7QXOKGY5AWUCUSEFTCMTB4GCFKQJ7BH5GNRIH3TBGYNXP4UMPAVX77P4THE
242,ESB157UC9VL8AGIJ1MI3M1AUP1FCZV8MF5M5GL3F6WA59S83D2DENS76Z8QH4,1990-10-15,D4FZDU0RYP,1,JD9GHVASLUXX39GK4M06T7L29KEBDD7ZOH6LROISC0V89BKHLFOS9I4W75XTW
243,QBQ6XNZWTHHH7STILOVEWBFPTSJBXWW8GTIT83TE7EGUCTGS0OQGL35I3J9BD,2004-09-04,V1,1,A235LQDD3ZXF68YTG24EXWYHGWUGCQ7CICJ0RD8FCLJ62GZT5C6P4IXDPXC3H
244,HVHXWSMRXHVALO7A43U40FFQ9S8AU7R4U9DPNQ5DNPGZEVA64SIS638EJ2CVQ,2013-06-08,1E0F,2,DPG3ZLOVA60OVSCYCZ1HDNI7PIHXII3BYEW933962CFM5KJ15SRNWK7AX34YA
245,K2T2C8OBHBNQJLSD4V9NOX64NKESMB535D1EB1RT3BHSCHWIP4F7DSI8OIZMH,1990-02-14,KEX,2,7L8WR9DE0XV09G5NYJNL60FDTJZEOPZDW4J7Q669CSERME0ORTVOMD58X6Z7A
246,N5T6BDPRHT0OGK52UONE7ICBJV1NT6CPKU6RUYTH50AUVIULUD7KIJHVO8M7R,2003-07-02,9YMKXCBLB,1,4452ILI7RIYI62CNNMERRKO39BDBB4C9DSSRKNI2MKFNBKEI7O02Y6Q5HD47O
247,8CVMPVF1FMR68XM5ED8S22LNRR8MLTS49PYEHSOFOLLAA2CXVKO6HDJNVN62X,2010-05-03,S97Q,1,ORI986KM388DFZ2VI5VPJYI1O0TGZF2OA775Q5H333WN8Z3JUX4SAUXNGB7C2
248,EAZE7YBOTVUXH7Y6PP795DK68WGZ6LFZOQ4E46HOM63MGMK0NTC7IY4DH9NVF,1999-11-15,NGG01Q,3,AMCPPGZC5RYWJ3SUKPS9KWX9JD4KSTH99NP93K913RYBMM2FI5R4YU5E724O7
249,OZH7MBNGZNN7JLQ9V0EA4A26RFYSGDW05EH713OHYCT1CHU23UCG6BD9KI24R,1997-12-18,KZUNGRVQTC,3,6QU14XZQ37CRE5X8VR4MPRYYMCD8NNPS2GBHXCRFFV4IYVCM23OE18PBZXN3X
250,VDCYGYTDXV08T490KN2ML4663VRYATRK7AS5E0IR0D2AM0R28BC162ZRCWMFJ,1993-01-09,X,2,FYJMV1ATMXEP68MBMI3ZRUUFX1FB6L5TB56II177KGUOKKGTBAKOFEYHKAHER
251,WLUUH4M6FZ2YS2MGBJAC8ZXBENMWZTI6EFPYFJRK0GB5MSIWXCO8U8LB0MDGA,1993-03-01,VAKH5GF2,1,82NXY6JSH3YTWBWJWLJD5B2G4QB2PFON8XO017PJ92KVXMMDOFRNLBE6XZKQG
252,SFK4WUABQEQA8YD4V06YWG0Z0QRF77WDBKGRO2N04S8H3QLTWIAF454FKVHM2,2015-11-29,N7TQLIS,2,YUJDDAQD4OEQZ9FI2B45TG3HPXEIM065X8JYVM75O13OIP2GM30CUH41UXIZ2
253,7HZ7HWW6RFDRP6GOI1JQBXWYVDUMSMLU4BJYNJE4T2ATMRXUTYZ2GMCBVG9HP,2010-01-19,9,2,U2Q9H0KZJGYU37LFMVN9B771MWIP7Y4BQCYM235A26X4NPXOVXF03JO9O16RH
254,K6URJ3RQUS3TZEDZ63OU5X3EY7SZD9E01L63Z3BE68IOFXW1I4OIEAPDWCV11,2000-11-29,3XM088,2,FRUIP6ECLE8N63R136KPJ69QRF905E3CYJ69RZ3FNWI4NZAN0O6QYN1HSWYPX
255,TOH61A9E4Y9O404FB1FRSS1JG330CY3UIWYTFAYJ69MJ12I38XAFMWZW185KX,1999-07-19,22U9,2,0OB5A38VLTC58Y52QQOY34HOI2XEBVF6SZXOEGI5I3DU94QQIZ3P6OXI69I7R
256,13LXH96JLQA14YV971GJQSOQVPLLI9N3PS5XUJ9U54TY9Q2OJMIIBHVK0CQJM,1998-11-04,B42O,2,V4NIX8EAJNCPGB3G2HME6R788KV7JU3HBKGMHZ2137WXRXCT4RQNNEJK27HJ6
257,CNRB6R1IRUXV742PLFWC6FIYUELBRV7DTKE7GNAVRSXZP9HBEPUB6XKXXJCZ2,1997-11-24,A9,2,MEM9H3XOILQ0LT4D5B8YRE5FSO23LMM38N544AQUWDKV6GAUA9OC67FLFFGHQ
258,0M7VJSQR9PFX18EM0TX8YE7DFEMGZH6LWODMO53CYRJXLRCIN9NHQQR8I3GLY,1991-03-06,CBOGAQ3DQW,3,8NBULA1ZIIDXPPL5X6E22E3YL84W0XARM8YZECBJYDMWRRQ2UA4GX4OJ6HK8T
259,9THEO3KTGV94DRWBDIJPOSZP5Y3SHY860TWV00LJS0BMT1HLTGANE75GRSCNE,2011-12-28,5O,1,BU6HPSPC3S3YPLDQRAHW9OVPD1GCKZ8FUZVNJ9LW76NYB735X1HQV1FPT0GQX
260,D3HN919NYFXCT5IJVYYHRF7DSP93NK1OJINVZAX7X63F73BV6I0BLIP871ZUL,2005-08-07,7PUK2KZP,3,KUZ7IHSXOD3NMGEGEDWD7IXEMSNDQZYYW90Y6A4SUB3615V9BLWQS076DQ83K
261,LPHXDHP8411JYQDHUN754ZX1JGDB22Q2BOECBSCUXBN9UWVTIKN4N6Z2DJ97N,2017-12-20,QRF1HF7WGX,1,RQQ874FC15U4MTMMWG39S8P4W1HH2W8VXJ7P5YWB588268UAFG0N96T9BO88Z
262,Y2BXPOK0TESF45OCZ5MEGXEVSR2FX0DKW95RWNCK6HJ7G923NTOMWS0B61DX1,2020-06-09,KH,3,1X2A5GVB5UQ0U04QCMUN2TOLX6JJE2EYB84KWSC1UT2ZPLS57EA8CST61NWHJ
263,C2EZM6SN66SMLMG3DXF6OBRA60VHUVYY7OUSDTR9B5DEF55OG8372PD6D6J1F,1990-10-14,RU1PODPTA,1,7UXCCTU2UG0CKH12LCG8W7W24ATS4PSHFYVSOQT5ABJ3VPH3TG6GVCOEF7OON
264,0UW76DAXKWTTSGKC6ESYOS79H3VXVTQAO3KIWVLW4SDG99WO71VJN0WTDOZD0,2018-03-30,L7D,3,K3PTI4N5TOIHL0HZV71HZTQD8DVUYY8G9MSPUZ6YLBL0R426NDT2JDML99HQ6
265,OOMQK2P47FQODUSIB05FQ863KZBXR2DLMXBXQL441OC8WRIOEDFW00UEPD5WZ,2004-11-16,AB,1,M2UCJLMYSGBLOTWB54CZBNVDE2JNEPU9RUJK33CXR53V2Q1S72ACLL4UW54VW
266,RTN071VE6Z6YRTITAEJ0IE7TJX7PL6FN7FRHUREMUMLN17AWM5MSCSFRO67HS,2018-07-10,QR3ER0M,2,0G7X6PFA9V0REK290NHW56B9608UGPUENIG1Z8HK5AXWTE2PJYBQMHDCSNVUQ
267,HXK4KRHFIEYYECAN7DKAIQRIDW3CQ60WBCX3S50QTI7BI795TYLMI3A943YVK,1997-08-13,H,3,S3M5472LCKNKFIRS5HZTDWTG8D0DOJC76XDBBJ8KAUVJ6Y7OWBPGQKCZVYRAI
268,MGSOSWLM77NJ053NQZFPEYV7TRXP9M3OS7RYNIT6REV8FB3H7KIGICSHHI9XG,2001-10-18,B3X4K2Z3G,2,JPR8KPP319MKF4AH6EOGZV0PALI5SAPS79DXUOOKED6SD4AEYY1NMIEQG024F
269,QWK6EG7C412LCQQA9O4MJJTTBZCYPBYDREN0H2QXQCCVZVTTWLAXPX3BDH8PA,1999-12-31,IKSQJ,1,568C9VBMKCXA4OP9FAXNKL39HOLWKE66AXE6KF94NE0B9M91F3RC1AM5Y0CHQ
270,C9D7XDB2TCJYUT39UDVSGRKXS7A7YLWN0IDSW0UJLZVJYMZW638GKUZIOUGDY,1991-10-20,FTW9SM,3,YXMT8KURCU8NT2YMT3667DZ1SDUCGCZS2BFZOE75C1NRQ1S8VR5Q8S9BXCNL8
271,0Q9UCI1NMZ009W6JWTL4OCE3DCJFCE9I8HVAVIVYDCYP2NHYHZV3E2EO4HLSN,2017-01-16,96MYBE7XH,1,U10JDQHDK37LG6E0HIQLL60DSPM7J5L9BJMG68LNKKATBS7P7GXE6BP5E87VC
272,AL87RM2I3WL60H4QT5S8CK8CXCK456JBEPLZ7OYCB7NIS0KI23GVHLYI4EKSS,1993-12-12,V,3,GDLCZSD0WAQTJFXP2FLMWRGL4EYHNNVZKB9ENL9Q23QX6NC8JA7UO5USWG35U
273,JJT394ZI4YWJAKOE873I5HJU0DGYMWDB4HES68DL66R506XXJSXX8GRJLLEZN,2009-04-19,X,3,QP2J215N5ZYGGBAWCDB0U1484U4Q1EDRS1YTEBDL87L5UK0V8NJ6OX0IMCH8K
274,1FQQRGOSY9H483X2JYIH2PDKB8I34WM8GTV8BUVF5CNQWO04CKU9CJPLAZ1I1,1998-12-27,43NRT,3,NJGADCH8ZUXZRCJ9O6MVMG1734QS6ZZQ629BC4X70EDE444JH84UUNL2YCDGJ
275,ZO70JZI26L02AIBR3418YMFQWZXP00N92KUOJ716JTOFQDZF5GMZFY8NSIYZ7,1990-07-26,YJF9MT1,2,1GHO0Y3N7RVYO10R5U64T8SFHFKYVBW404ORWXG3679M93JC601ADU4G16MKS
276,H34YI5FTGE88C2Y506PAQXUGFGL8GWKQ7HEKWSC1ZZA51JYBR688B3VW00VJX,1994-10-13,ODHA,2,IA6YP73WABJZBK9CWCFYLHOAY6FV1CCJGBABXO9IXL4IGBLTZWT9YD5LW77DP
277,K3S5J8GQMWNYGLDII5KV7F0NY8182YS0RI60VEW7BE3VVJZFS9LN0ZSQDE1GR,2007-06-19,IUSPC7,3,1KCCQFWX7HS5TS1KXBM22C8RLIRO3L7ZD3SYYAAHAY0T4O3XPPHUF7B66R18A
278,MRL8AOKXAQFPMIF4B7LSMAJUJWLK2PLHVV6A0WY9RMS5IQ761OBLWWLVA2ZL5,2019-08-10,L3N,2,QWT9P8ASTW77X8WM5CPKAC0QGNUA42HHQBQPG8M0Y1Y1L6FA1GKT52A2XTBMV
279,QJ3Z1MT05NRSAP9DA0HX95SGQP5VY88EK47BD5EI4VF64OOYNTGQUWPTW7WZI,1991-10-29,CG44T1RKH,2,1GFDOGEVGMZMHIJDRDP2NFDADUZ0AGA8A0LGKFQOBGNX0IC0GSMFZ6PI6TF93
280,PHNAME7I4YBNPF36ICCIVT1ZVKZUV6GMN9HS6GCD9Z5EUCK5VDDH5FHZL22VV,2001-11-20,CFQR,3,GEMCHXWHH4CIMIMT9XJZA3UWV38H593TAVY2YUD6U4VAUS29BIK8BAK5AC959
281,SA2IISS7273NECT47DROVWHVI1BYGJB95VS2RQS0DHL61AOOGC09MFYS78N20,2014-10-10,A,2,JZYYJ3BG5N28ULOAKWQELD2Q0MFR4YQIC9EKNGRBN5ZNN1E6RFO6TVKB7ZOKO
282,MFK10A0BJPONPQ6A3ZS7DTR1B1RXKHB8Y4JSO28BOKOD8FMXUB3RU6CUFFYKI,1996-07-13,7,3,IQ1LP3TCD6MKPQ7T5DP3DROL93BOS7P8KUS3K8DE9IJ2COMCS71FB0W7X9TGP
283,ERKMEIJEG3D8ORA39C1O2SJC7ZERSP1KXVXAJ1VPS3563C6TM1M0TE4V3W4IP,1993-12-08,74BWSPB85A,2,DG2IWKTC1Q0FCX331KLPWLEJMMAMYGKU5WJUTSSEDJ1PSLG3BLXSIK30T1UO4
284,B3KGM2A25ZB5KH11FQUT8JXOUF3LPE0SBDOID2DH57QFW4UHODWKC1VRG3ODU,2005-05-04,SSDJ7GAYJ,2,2NPG74B929C094U1E1DC14QSVAYGPZFDXFYWBH01ULWLO14BUTVBF87X53CWA
285,PPXOHYTUPOP7961E16IWHLQTPZ2OWMHT9URY1PVQ0J3RBZJT30DJS6N0BS8Q1,2014-01-26,FQG4ZYI36,2,R9ABH2GU8DHN95LWTW0YICPWG6MLFLGQ8S7C280XEZ6SD9W40XBMZZGK2WHL4
286,FHD4F7S78CXU1B389S40YRDC97633I7YOK194Z5PR3JFCJUQSXH4UO3IF3O4S,1990-08-06,I4,2,LB8SBQAWRD78CHHSMSF5BXZCP04V37XAS87TIELIHE9819EZA6XM3I2KCBCW3
287,ZNTTMK922JURH23V6TE3HDLSH5KKXSF3MIK5012YP0C40EZ1ZP4D7BEDKRV6H,2011-04-08,A02,3,0BGPXPZLL0CAB9O1UZKX6IQTNC3XLYEHQ9RBMHZZH0BKLLN9VUN3ZP73KJ6LP
288,31JCLXI90GG1PESU1VNMP2IR1B6OXVOXOZL6RCGQ3VCVVC3S0KQJI1CVBTSI2,2018-10-13,7,1,Q1QYZT0Q2GX999J1TJD9A0WTQ2KFTZORV55Y756PAIB8442GS5W4EEVX6OXH5
289,Q409W8TDK5FF70JIVKB677TDWFEPTOH9SDWZUI91D8QYRBL38H9O0DZ3M0VB7,2002-09-09,P3OI5WH91Y,3,IIWIC8UR4YCXM656EQXZQH9A4D3KTZQM4Y2W3GN1XY8HAS4GCPD7B5JKLVLCV
290,YVSQUAHZGKAGX737TSOC5VEZDEC4NULZHKE0HVLI6ULO0GDNPSDQLC7T1FB7V,2000-07-08,84,3,4RO4FJFBN4SKA8K25AMO2S0AAQANRH6DIF4WLFPH5WT4MMQUYEDDUZQY6VXT8
291,7DTCKODIJRPO8QRN84T0MKYJ9A5TGDIMBB47H4TXP70VRLUXSSJFAUXOT2DR9,1999-07-10,3Z4HJ,3,RAMML6BQ9S0BTL7TWMO4JQJC45AREG2NPP443M0YBOFZW8QM604GZ9WEHNOMC
292,4QKSG5ZVODQNAZTCSD5DJCN7IQWH4ROUIFVYWZCK3PAMHBHZZZDEAPQ36HY7J,2002-01-10,0YU,2,0TL0SW44PX1DRXCKHC5U1FAP6XCWMBWYH6B54U47ANG5V83RVXTUQVFNXGJDE
293,1HQTOC7WO5UISE3Z07P1234LH5ZOWLFL5QMIIN4F67U58N059R13PKJE453F2,2004-08-03,VS5H4E2,1,U9FX68XRUM4Z7AZMZO9YNF47Z3TF7NFLGPTZAP2MORDFW4CEQ7K2PYFQAZK2Z
294,4Y3JQBNS57ADSG0T1LJP4Q02LJD2FAWJS1THATEFWVOWQ9D4O8F87OBSA0RTH,2005-04-07,59B1AB,1,68B1EH467LJ71HTA4CPKHCNNXT1W8L1JNXEN91E55OAPOZTOF1MY8RZDN8MX7
295,UQFXTQZFISUO6739BP2D22DYV9T6N8FZJE64JH0IU50Q8GW7T7GEM3T0HG7ID,1990-11-28,IY21WDAY,3,A2KP3M8Z6N74N30JVJMIFSFIFCSIU3EOG5OPT92E3UWD255LKF5O4UJS6SB95
296,8CLNRR89CU24POXMAA7YD8WTTF1U7NSUBACHZXG2MS7DZ5BHER0IWWYFXFP1S,1990-01-09,KS3HQPZ,3,03MQHY3WDWG5U7AR09NRP889C0QMKHQPY8S5DQYLOLNGQGPD1SDBPRR4M124P
297,L83CTRCBNG71FWYERIBHYDU44W0R6ZKKO3F71QB2827S2AXSUGJOUGVCLY8VP,2012-04-30,GASDRL,1,JAYFRJCKFCTC2YOI2SXBKBBCDF0TKUU7GFAFSC7LGEV5974L4MD0C6UQHCZGH
298,RGANPW13GLAFN7G2564GISP5662PB5YTV2G3SPBJYOSR530DC203ID6DO16O0,2010-01-05,G9,2,NC2PQXN0NGG6EO9E509TMDN17RMIT5KZDPJZER4QC6M8D0BZVDM8R3WS17OC8
299,JBBK2EM0ZXGWGR0EIV585NH3ENEISVEV7HGDHR8ZV1KDUGFHNBTKG6S9BNF25,2019-03-01,17,3,SSQ9OQ3PNJS0886XXF0KC9S9ZDGOMQV8ZY9IP93C4RUGY4L5JUMWM88C440MG
